Category,Transcript,Call_ID,Customer_Satisfaction_Rating
Long Wait Times,How much longer will I have to wait for my results?,356752,1
Long Wait Times,Can you explain why there's always a delay in this office?,517530,4
Long Wait Times,"Every time I come here, the appointments never start on time.",738186,5
Long Wait Times,This wait time is unacceptable.,384241,1
Long Wait Times,I've been waiting for over an hour to see the doctor.,470361,5
Long Wait Times,This wait time is unacceptable.,237572,3
Long Wait Times,This wait time is unacceptable.,677928,1
Long Wait Times,I had to wait two weeks for an appointment and now another hour here.,278202,1
Long Wait Times,Can you explain why there's always a delay in this office?,253688,5
Long Wait Times,I've spent my whole afternoon waiting for this.,620447,2
Long Wait Times,How much longer will I have to wait for my results?,794254,1
Long Wait Times,Why is there such a long delay for lab tests?,608336,1
Long Wait Times,This wait time is unacceptable.,702309,3
Long Wait Times,I had to wait two weeks for an appointment and now another hour here.,481146,4
Long Wait Times,Why is there such a long delay for lab tests?,393983,2
Long Wait Times,How much longer will I have to wait for my results?,474273,3
Long Wait Times,"Every time I come here, the appointments never start on time.",137538,4
Long Wait Times,I had to wait two weeks for an appointment and now another hour here.,568426,2
Long Wait Times,This wait time is unacceptable.,727792,2
Long Wait Times,Why is there such a long delay for lab tests?,242107,1
Long Wait Times,Can you explain why there's always a delay in this office?,616488,1
Long Wait Times,I've spent my whole afternoon waiting for this.,238531,3
Long Wait Times,Can you explain why there's always a delay in this office?,914786,4
Long Wait Times,Can you explain why there's always a delay in this office?,975496,5
Long Wait Times,This wait time is unacceptable.,152543,1
Long Wait Times,How much longer will I have to wait for my results?,997591,4
Long Wait Times,Why is there such a long delay for lab tests?,234068,5
Long Wait Times,Can you explain why there's always a delay in this office?,974262,5
Long Wait Times,"My appointment was scheduled for 10 AM, and it's already 11:30.",561027,4
Long Wait Times,Why is there such a long delay for lab tests?,565139,3
Long Wait Times,"Every time I come here, the appointments never start on time.",624252,4
Long Wait Times,Can you explain why there's always a delay in this office?,872095,2
Long Wait Times,I had to wait two weeks for an appointment and now another hour here.,635850,5
Long Wait Times,I've spent my whole afternoon waiting for this.,819624,4
Long Wait Times,Can you explain why there's always a delay in this office?,103473,4
Long Wait Times,Can you explain why there's always a delay in this office?,370982,1
Long Wait Times,I've been waiting for over an hour to see the doctor.,824087,1
Long Wait Times,Why is there such a long delay for lab tests?,190427,3
Long Wait Times,How much longer will I have to wait for my results?,546392,2
Long Wait Times,This wait time is unacceptable.,930625,4
Long Wait Times,Why is there such a long delay for lab tests?,191101,3
Long Wait Times,I've spent my whole afternoon waiting for this.,454107,1
Long Wait Times,Can you explain why there's always a delay in this office?,343785,3
Long Wait Times,"My appointment was scheduled for 10 AM, and it's already 11:30.",514633,2
Long Wait Times,"My appointment was scheduled for 10 AM, and it's already 11:30.",733794,1
Long Wait Times,Why do my test results always take so long?,714768,3
Long Wait Times,"Every time I come here, the appointments never start on time.",481128,4
Long Wait Times,I've been waiting for over an hour to see the doctor.,718768,4
Long Wait Times,I've been waiting for over an hour to see the doctor.,441806,4
Long Wait Times,I had to wait two weeks for an appointment and now another hour here.,753795,4
Long Wait Times,Why do my test results always take so long?,703484,2
Long Wait Times,"Every time I come here, the appointments never start on time.",341254,3
Long Wait Times,I had to wait two weeks for an appointment and now another hour here.,694586,4
Long Wait Times,I've been waiting for over an hour to see the doctor.,142036,5
Long Wait Times,"Every time I come here, the appointments never start on time.",471314,1
Long Wait Times,Why is there such a long delay for lab tests?,916073,3
Long Wait Times,I've spent my whole afternoon waiting for this.,142318,4
Long Wait Times,"Every time I come here, the appointments never start on time.",214707,1
Long Wait Times,Can you explain why there's always a delay in this office?,982163,2
Long Wait Times,How much longer will I have to wait for my results?,609987,1
Long Wait Times,"Every time I come here, the appointments never start on time.",149407,2
Long Wait Times,"Every time I come here, the appointments never start on time.",496805,2
Long Wait Times,"My appointment was scheduled for 10 AM, and it's already 11:30.",433552,2
Long Wait Times,How much longer will I have to wait for my results?,474888,3
Long Wait Times,This wait time is unacceptable.,604691,3
Long Wait Times,I had to wait two weeks for an appointment and now another hour here.,161799,5
Long Wait Times,"Every time I come here, the appointments never start on time.",743057,5
Long Wait Times,I've spent my whole afternoon waiting for this.,689933,3
Long Wait Times,Why is there such a long delay for lab tests?,749067,4
Long Wait Times,I've spent my whole afternoon waiting for this.,838135,5
Long Wait Times,"Every time I come here, the appointments never start on time.",802817,3
Long Wait Times,I've spent my whole afternoon waiting for this.,288309,3
Long Wait Times,Can you explain why there's always a delay in this office?,440894,3
Long Wait Times,I've been waiting for over an hour to see the doctor.,136742,2
Long Wait Times,"My appointment was scheduled for 10 AM, and it's already 11:30.",766626,2
Long Wait Times,"My appointment was scheduled for 10 AM, and it's already 11:30.",953638,5
Long Wait Times,Why do my test results always take so long?,196974,2
Long Wait Times,Why is there such a long delay for lab tests?,231533,5
Long Wait Times,Can you explain why there's always a delay in this office?,197609,5
Long Wait Times,I've been waiting for over an hour to see the doctor.,410849,1
Long Wait Times,"My appointment was scheduled for 10 AM, and it's already 11:30.",415562,5
Long Wait Times,Why do my test results always take so long?,869738,5
Long Wait Times,How much longer will I have to wait for my results?,966210,4
Long Wait Times,Why is there such a long delay for lab tests?,336627,3
Long Wait Times,"Every time I come here, the appointments never start on time.",274433,4
Long Wait Times,"Every time I come here, the appointments never start on time.",317715,1
Long Wait Times,Can you explain why there's always a delay in this office?,296868,3
Long Wait Times,Why is there such a long delay for lab tests?,748595,5
Long Wait Times,Can you explain why there's always a delay in this office?,872160,4
Long Wait Times,I've spent my whole afternoon waiting for this.,879109,1
Long Wait Times,How much longer will I have to wait for my results?,958208,2
Long Wait Times,How much longer will I have to wait for my results?,564391,5
Long Wait Times,"Every time I come here, the appointments never start on time.",374261,1
Long Wait Times,"Every time I come here, the appointments never start on time.",675692,2
Long Wait Times,This wait time is unacceptable.,237536,1
Long Wait Times,I've been waiting for over an hour to see the doctor.,608276,4
Long Wait Times,Why is there such a long delay for lab tests?,411996,5
Long Wait Times,How much longer will I have to wait for my results?,780165,1
Long Wait Times,"My appointment was scheduled for 10 AM, and it's already 11:30.",692590,1
Long Wait Times,Why do my test results always take so long?,347838,3
Long Wait Times,"My appointment was scheduled for 10 AM, and it's already 11:30.",863956,4
Long Wait Times,I had to wait two weeks for an appointment and now another hour here.,494541,1
Long Wait Times,I've spent my whole afternoon waiting for this.,884354,5
Long Wait Times,"Every time I come here, the appointments never start on time.",791015,3
Long Wait Times,I've spent my whole afternoon waiting for this.,345945,2
Long Wait Times,This wait time is unacceptable.,681587,1
Long Wait Times,Why is there such a long delay for lab tests?,831756,3
Long Wait Times,I've spent my whole afternoon waiting for this.,125710,5
Long Wait Times,I had to wait two weeks for an appointment and now another hour here.,677266,1
Long Wait Times,I've spent my whole afternoon waiting for this.,305298,5
Long Wait Times,Can you explain why there's always a delay in this office?,449097,2
Long Wait Times,"Every time I come here, the appointments never start on time.",230547,2
Long Wait Times,How much longer will I have to wait for my results?,308657,5
Long Wait Times,How much longer will I have to wait for my results?,911328,2
Long Wait Times,I've spent my whole afternoon waiting for this.,838953,1
Long Wait Times,This wait time is unacceptable.,644880,1
Long Wait Times,"My appointment was scheduled for 10 AM, and it's already 11:30.",985259,1
Long Wait Times,Can you explain why there's always a delay in this office?,254311,3
Long Wait Times,Can you explain why there's always a delay in this office?,276021,1
Long Wait Times,Why do my test results always take so long?,466178,2
Long Wait Times,I've spent my whole afternoon waiting for this.,207111,4
Long Wait Times,Why do my test results always take so long?,442851,5
Long Wait Times,I've spent my whole afternoon waiting for this.,166041,5
Long Wait Times,I had to wait two weeks for an appointment and now another hour here.,564961,1
Long Wait Times,"Every time I come here, the appointments never start on time.",829907,2
Long Wait Times,Why is there such a long delay for lab tests?,957586,2
Long Wait Times,This wait time is unacceptable.,994860,4
Long Wait Times,I've been waiting for over an hour to see the doctor.,633500,2
Long Wait Times,"My appointment was scheduled for 10 AM, and it's already 11:30.",359814,3
Long Wait Times,Why do my test results always take so long?,677310,3
Long Wait Times,Why is there such a long delay for lab tests?,536891,4
Long Wait Times,I've spent my whole afternoon waiting for this.,331014,2
Long Wait Times,I had to wait two weeks for an appointment and now another hour here.,340634,3
Long Wait Times,How much longer will I have to wait for my results?,969862,2
Long Wait Times,Why do my test results always take so long?,764700,2
Long Wait Times,I've spent my whole afternoon waiting for this.,768543,4
Long Wait Times,I've spent my whole afternoon waiting for this.,848114,1
Long Wait Times,How much longer will I have to wait for my results?,513717,5
Long Wait Times,I had to wait two weeks for an appointment and now another hour here.,993810,1
Long Wait Times,I've spent my whole afternoon waiting for this.,856171,5
Long Wait Times,Can you explain why there's always a delay in this office?,260334,2
Long Wait Times,Why do my test results always take so long?,474911,1
Long Wait Times,Why do my test results always take so long?,243350,2
Long Wait Times,"Every time I come here, the appointments never start on time.",893333,2
Long Wait Times,How much longer will I have to wait for my results?,562308,3
Long Wait Times,Why is there such a long delay for lab tests?,560043,4
Long Wait Times,I've spent my whole afternoon waiting for this.,439973,3
Long Wait Times,Can you explain why there's always a delay in this office?,521654,5
Long Wait Times,I've spent my whole afternoon waiting for this.,340748,1
Long Wait Times,Why do my test results always take so long?,292132,4
Long Wait Times,"My appointment was scheduled for 10 AM, and it's already 11:30.",519447,3
Long Wait Times,How much longer will I have to wait for my results?,973937,4
Long Wait Times,Why is there such a long delay for lab tests?,961328,2
Long Wait Times,Why do my test results always take so long?,896484,1
Long Wait Times,How much longer will I have to wait for my results?,181360,1
Long Wait Times,I had to wait two weeks for an appointment and now another hour here.,582151,5
Long Wait Times,Can you explain why there's always a delay in this office?,328342,1
Long Wait Times,Why do my test results always take so long?,438654,5
Long Wait Times,"My appointment was scheduled for 10 AM, and it's already 11:30.",116397,4
Long Wait Times,Can you explain why there's always a delay in this office?,169061,2
Long Wait Times,I had to wait two weeks for an appointment and now another hour here.,256973,4
Long Wait Times,Can you explain why there's always a delay in this office?,484735,5
Long Wait Times,Why is there such a long delay for lab tests?,107933,4
Long Wait Times,Can you explain why there's always a delay in this office?,468967,3
Long Wait Times,This wait time is unacceptable.,651432,2
Long Wait Times,I've been waiting for over an hour to see the doctor.,850079,5
Scheduling Difficulties,It's impossible to find an available appointment slot.,123132,3
Scheduling Difficulties,I keep getting errors when trying to book an appointment.,227483,4
Scheduling Difficulties,Why is it so difficult to get an appointment sooner?,233416,1
Scheduling Difficulties,Your online booking isn't user-friendly at all.,838140,2
Scheduling Difficulties,I keep getting errors when trying to book an appointment.,666893,3
Scheduling Difficulties,Why is it so difficult to get an appointment sooner?,850268,1
Scheduling Difficulties,Your online booking isn't user-friendly at all.,649235,5
Scheduling Difficulties,I can't reach anyone to schedule my next visit.,863456,2
Scheduling Difficulties,No one called me back to confirm my scheduled appointment.,544515,1
Scheduling Difficulties,Your system won't let me cancel or reschedule my visit.,638932,3
Scheduling Difficulties,I'm having trouble scheduling my appointment online.,579766,4
Scheduling Difficulties,I'm having trouble scheduling my appointment online.,888997,4
Scheduling Difficulties,I can't reach anyone to schedule my next visit.,215370,2
Scheduling Difficulties,I'm having trouble scheduling my appointment online.,441236,2
Scheduling Difficulties,No one called me back to confirm my scheduled appointment.,731916,3
Scheduling Difficulties,I requested an appointment online and never got confirmation.,850185,5
Scheduling Difficulties,Why is it so difficult to get an appointment sooner?,738083,1
Scheduling Difficulties,Why is it so difficult to get an appointment sooner?,939081,3
Scheduling Difficulties,I can't reach anyone to schedule my next visit.,544325,2
Scheduling Difficulties,No one called me back to confirm my scheduled appointment.,719223,1
Scheduling Difficulties,No one called me back to confirm my scheduled appointment.,688834,5
Scheduling Difficulties,Your online booking isn't user-friendly at all.,896589,5
Scheduling Difficulties,No one called me back to confirm my scheduled appointment.,113629,5
Scheduling Difficulties,I'm having trouble scheduling my appointment online.,653924,4
Scheduling Difficulties,Why do I have to wait so long for a specialist?,142723,5
Scheduling Difficulties,It's impossible to find an available appointment slot.,979261,3
Scheduling Difficulties,Your system won't let me cancel or reschedule my visit.,496375,3
Scheduling Difficulties,Why do I have to wait so long for a specialist?,182770,2
Scheduling Difficulties,I requested an appointment online and never got confirmation.,274277,5
Scheduling Difficulties,It's impossible to find an available appointment slot.,588121,1
Scheduling Difficulties,Why is it so difficult to get an appointment sooner?,286009,4
Scheduling Difficulties,I keep getting errors when trying to book an appointment.,725549,5
Scheduling Difficulties,Your online booking isn't user-friendly at all.,610350,5
Scheduling Difficulties,Your system won't let me cancel or reschedule my visit.,463287,2
Scheduling Difficulties,No one called me back to confirm my scheduled appointment.,294556,1
Scheduling Difficulties,It's impossible to find an available appointment slot.,199717,3
Scheduling Difficulties,I keep getting errors when trying to book an appointment.,593226,2
Scheduling Difficulties,Why is it so difficult to get an appointment sooner?,792135,3
Scheduling Difficulties,It's impossible to find an available appointment slot.,398630,3
Scheduling Difficulties,Your system won't let me cancel or reschedule my visit.,619554,4
Scheduling Difficulties,I'm having trouble scheduling my appointment online.,809200,4
Scheduling Difficulties,It's impossible to find an available appointment slot.,699999,5
Scheduling Difficulties,Why is it so difficult to get an appointment sooner?,868064,3
Scheduling Difficulties,Your online booking isn't user-friendly at all.,303349,5
Scheduling Difficulties,Your online booking isn't user-friendly at all.,357920,2
Scheduling Difficulties,I keep getting errors when trying to book an appointment.,566382,3
Scheduling Difficulties,I keep getting errors when trying to book an appointment.,458081,1
Scheduling Difficulties,Why do I have to wait so long for a specialist?,261152,1
Scheduling Difficulties,Your system won't let me cancel or reschedule my visit.,792424,3
Scheduling Difficulties,Why do I have to wait so long for a specialist?,718312,4
Scheduling Difficulties,No one called me back to confirm my scheduled appointment.,375968,1
Scheduling Difficulties,It's impossible to find an available appointment slot.,634896,1
Scheduling Difficulties,Why do I have to wait so long for a specialist?,424183,4
Scheduling Difficulties,I'm having trouble scheduling my appointment online.,357159,3
Scheduling Difficulties,Your online booking isn't user-friendly at all.,579138,3
Scheduling Difficulties,I requested an appointment online and never got confirmation.,449678,5
Scheduling Difficulties,I keep getting errors when trying to book an appointment.,758239,4
Scheduling Difficulties,Your online booking isn't user-friendly at all.,202718,4
Scheduling Difficulties,Your system won't let me cancel or reschedule my visit.,556770,5
Scheduling Difficulties,I can't reach anyone to schedule my next visit.,335729,2
Scheduling Difficulties,It's impossible to find an available appointment slot.,308092,3
Scheduling Difficulties,No one called me back to confirm my scheduled appointment.,541888,2
Scheduling Difficulties,I keep getting errors when trying to book an appointment.,355195,2
Scheduling Difficulties,Your system won't let me cancel or reschedule my visit.,172769,3
Scheduling Difficulties,Why do I have to wait so long for a specialist?,309734,3
Scheduling Difficulties,Your online booking isn't user-friendly at all.,793585,2
Scheduling Difficulties,Why is it so difficult to get an appointment sooner?,607956,1
Scheduling Difficulties,Why do I have to wait so long for a specialist?,292641,1
Scheduling Difficulties,Why do I have to wait so long for a specialist?,647240,2
Scheduling Difficulties,No one called me back to confirm my scheduled appointment.,863301,1
Scheduling Difficulties,Your online booking isn't user-friendly at all.,682239,1
Scheduling Difficulties,Why is it so difficult to get an appointment sooner?,352584,3
Scheduling Difficulties,I keep getting errors when trying to book an appointment.,693428,2
Scheduling Difficulties,Why is it so difficult to get an appointment sooner?,725979,5
Scheduling Difficulties,Your system won't let me cancel or reschedule my visit.,786970,5
Scheduling Difficulties,Your online booking isn't user-friendly at all.,363438,4
Scheduling Difficulties,No one called me back to confirm my scheduled appointment.,978208,2
Scheduling Difficulties,I can't reach anyone to schedule my next visit.,244662,4
Scheduling Difficulties,No one called me back to confirm my scheduled appointment.,199704,3
Scheduling Difficulties,I keep getting errors when trying to book an appointment.,116745,1
Scheduling Difficulties,Your online booking isn't user-friendly at all.,702523,2
Scheduling Difficulties,I can't reach anyone to schedule my next visit.,156808,5
Scheduling Difficulties,It's impossible to find an available appointment slot.,765540,3
Scheduling Difficulties,I'm having trouble scheduling my appointment online.,992398,2
Scheduling Difficulties,Your system won't let me cancel or reschedule my visit.,325343,1
Scheduling Difficulties,I requested an appointment online and never got confirmation.,639860,5
Scheduling Difficulties,I requested an appointment online and never got confirmation.,273753,2
Scheduling Difficulties,I'm having trouble scheduling my appointment online.,821230,2
Scheduling Difficulties,Why is it so difficult to get an appointment sooner?,193489,3
Scheduling Difficulties,Your system won't let me cancel or reschedule my visit.,728313,3
Scheduling Difficulties,I requested an appointment online and never got confirmation.,509769,1
Scheduling Difficulties,No one called me back to confirm my scheduled appointment.,169093,5
Scheduling Difficulties,I can't reach anyone to schedule my next visit.,688135,3
Scheduling Difficulties,I'm having trouble scheduling my appointment online.,842755,5
Scheduling Difficulties,I'm having trouble scheduling my appointment online.,562173,3
Scheduling Difficulties,Why do I have to wait so long for a specialist?,896692,5
Scheduling Difficulties,No one called me back to confirm my scheduled appointment.,688252,5
Scheduling Difficulties,No one called me back to confirm my scheduled appointment.,929888,4
Scheduling Difficulties,Why is it so difficult to get an appointment sooner?,928873,1
Scheduling Difficulties,Why is it so difficult to get an appointment sooner?,121773,1
Scheduling Difficulties,I requested an appointment online and never got confirmation.,910341,3
Scheduling Difficulties,I'm having trouble scheduling my appointment online.,530114,5
Scheduling Difficulties,I keep getting errors when trying to book an appointment.,242331,4
Scheduling Difficulties,I can't reach anyone to schedule my next visit.,478780,1
Scheduling Difficulties,Why do I have to wait so long for a specialist?,281277,4
Scheduling Difficulties,I requested an appointment online and never got confirmation.,601849,5
Scheduling Difficulties,I keep getting errors when trying to book an appointment.,172203,4
Scheduling Difficulties,It's impossible to find an available appointment slot.,840628,5
Scheduling Difficulties,Your system won't let me cancel or reschedule my visit.,159305,4
Scheduling Difficulties,I'm having trouble scheduling my appointment online.,908222,3
Scheduling Difficulties,It's impossible to find an available appointment slot.,505817,4
Scheduling Difficulties,I'm having trouble scheduling my appointment online.,433640,1
Scheduling Difficulties,Your online booking isn't user-friendly at all.,631632,5
Scheduling Difficulties,Your system won't let me cancel or reschedule my visit.,426399,2
Scheduling Difficulties,Why do I have to wait so long for a specialist?,974386,1
Scheduling Difficulties,Why is it so difficult to get an appointment sooner?,880730,3
Scheduling Difficulties,I can't reach anyone to schedule my next visit.,768803,3
Scheduling Difficulties,I'm having trouble scheduling my appointment online.,351994,1
Scheduling Difficulties,No one called me back to confirm my scheduled appointment.,275338,1
Scheduling Difficulties,I requested an appointment online and never got confirmation.,843863,1
Scheduling Difficulties,Your system won't let me cancel or reschedule my visit.,103150,3
Scheduling Difficulties,I requested an appointment online and never got confirmation.,982050,5
Scheduling Difficulties,I'm having trouble scheduling my appointment online.,184521,3
Scheduling Difficulties,Your system won't let me cancel or reschedule my visit.,969539,2
Scheduling Difficulties,Why is it so difficult to get an appointment sooner?,123938,5
Scheduling Difficulties,It's impossible to find an available appointment slot.,812834,1
Scheduling Difficulties,I can't reach anyone to schedule my next visit.,437146,3
Scheduling Difficulties,I requested an appointment online and never got confirmation.,604585,3
Scheduling Difficulties,I can't reach anyone to schedule my next visit.,658580,2
Scheduling Difficulties,Why is it so difficult to get an appointment sooner?,788473,4
Scheduling Difficulties,I'm having trouble scheduling my appointment online.,722062,1
Scheduling Difficulties,No one called me back to confirm my scheduled appointment.,448116,1
Scheduling Difficulties,Your system won't let me cancel or reschedule my visit.,322373,5
Scheduling Difficulties,Your online booking isn't user-friendly at all.,782776,4
Scheduling Difficulties,I requested an appointment online and never got confirmation.,145909,1
Scheduling Difficulties,I'm having trouble scheduling my appointment online.,471442,4
Scheduling Difficulties,Why is it so difficult to get an appointment sooner?,607532,2
Scheduling Difficulties,No one called me back to confirm my scheduled appointment.,874124,4
Scheduling Difficulties,I keep getting errors when trying to book an appointment.,341698,2
Scheduling Difficulties,It's impossible to find an available appointment slot.,947818,2
Scheduling Difficulties,Why do I have to wait so long for a specialist?,514279,1
Scheduling Difficulties,I can't reach anyone to schedule my next visit.,511626,4
Scheduling Difficulties,It's impossible to find an available appointment slot.,396461,2
Scheduling Difficulties,Why do I have to wait so long for a specialist?,385133,2
Scheduling Difficulties,I can't reach anyone to schedule my next visit.,988454,5
Scheduling Difficulties,Why is it so difficult to get an appointment sooner?,239106,1
Scheduling Difficulties,Why do I have to wait so long for a specialist?,264903,2
Scheduling Difficulties,Why is it so difficult to get an appointment sooner?,697760,2
Scheduling Difficulties,It's impossible to find an available appointment slot.,427174,3
Scheduling Difficulties,Why is it so difficult to get an appointment sooner?,907145,2
Scheduling Difficulties,I'm having trouble scheduling my appointment online.,147928,4
Scheduling Difficulties,No one called me back to confirm my scheduled appointment.,638364,5
Scheduling Difficulties,No one called me back to confirm my scheduled appointment.,606170,2
Scheduling Difficulties,Your system won't let me cancel or reschedule my visit.,703060,4
Scheduling Difficulties,Your system won't let me cancel or reschedule my visit.,136126,1
Scheduling Difficulties,I can't reach anyone to schedule my next visit.,720637,2
Scheduling Difficulties,I requested an appointment online and never got confirmation.,896517,1
Scheduling Difficulties,Your online booking isn't user-friendly at all.,859454,1
Scheduling Difficulties,I keep getting errors when trying to book an appointment.,756527,2
Scheduling Difficulties,It's impossible to find an available appointment slot.,323194,5
Scheduling Difficulties,I requested an appointment online and never got confirmation.,972346,1
Scheduling Difficulties,I'm having trouble scheduling my appointment online.,410783,1
Scheduling Difficulties,I keep getting errors when trying to book an appointment.,663760,3
Scheduling Difficulties,I keep getting errors when trying to book an appointment.,439958,1
Scheduling Difficulties,Your online booking isn't user-friendly at all.,939175,3
Scheduling Difficulties,I can't reach anyone to schedule my next visit.,446951,2
Billing Issues,"My insurance says they've paid, but you're billing me again.",225838,5
Billing Issues,I don't understand this bill; it's not clear at all.,962713,4
Billing Issues,Why does resolving billing issues take so long?,777753,2
Billing Issues,Why wasn't I informed about these charges beforehand?,561118,1
Billing Issues,I'm still receiving bills even though I already paid.,986253,5
Billing Issues,There's an incorrect charge on my statement.,346731,3
Billing Issues,There's an incorrect charge on my statement.,252687,4
Billing Issues,I've been incorrectly billed for services I didn't receive.,758040,4
Billing Issues,Can someone explain these extra fees on my bill?,234877,4
Billing Issues,Can someone explain these extra fees on my bill?,546702,3
Billing Issues,Why does resolving billing issues take so long?,786380,1
Billing Issues,Your billing department isn't responding to my calls.,757209,4
Billing Issues,Can someone explain these extra fees on my bill?,740562,5
Billing Issues,Your billing department isn't responding to my calls.,853318,5
Billing Issues,Why does resolving billing issues take so long?,747228,4
Billing Issues,Why does resolving billing issues take so long?,859660,3
Billing Issues,I'm still receiving bills even though I already paid.,995259,1
Billing Issues,I'm still receiving bills even though I already paid.,884472,4
Billing Issues,I'm still receiving bills even though I already paid.,232339,4
Billing Issues,I'm still receiving bills even though I already paid.,123878,1
Billing Issues,Your billing department isn't responding to my calls.,906984,2
Billing Issues,Why does resolving billing issues take so long?,402517,1
Billing Issues,There's an incorrect charge on my statement.,140948,5
Billing Issues,There's an incorrect charge on my statement.,956824,2
Billing Issues,There's an incorrect charge on my statement.,370651,2
Billing Issues,I've been incorrectly billed for services I didn't receive.,924680,3
Billing Issues,There's an incorrect charge on my statement.,266099,1
Billing Issues,Why am I being charged twice for the same procedure?,105729,4
Billing Issues,"My insurance says they've paid, but you're billing me again.",599869,2
Billing Issues,"My insurance says they've paid, but you're billing me again.",283669,3
Billing Issues,Why wasn't I informed about these charges beforehand?,654867,2
Billing Issues,Why am I being charged twice for the same procedure?,707357,2
Billing Issues,"My insurance says they've paid, but you're billing me again.",162207,3
Billing Issues,There's an incorrect charge on my statement.,637570,1
Billing Issues,Why am I being charged twice for the same procedure?,372966,3
Billing Issues,Can someone explain these extra fees on my bill?,160310,3
Billing Issues,Why wasn't I informed about these charges beforehand?,747428,3
Billing Issues,Why am I being charged twice for the same procedure?,851087,5
Billing Issues,I'm still receiving bills even though I already paid.,492444,1
Billing Issues,I've been incorrectly billed for services I didn't receive.,916126,3
Billing Issues,Why does resolving billing issues take so long?,652888,4
Billing Issues,"My insurance says they've paid, but you're billing me again.",516622,3
Billing Issues,I've been incorrectly billed for services I didn't receive.,353428,1
Billing Issues,"My insurance says they've paid, but you're billing me again.",717534,2
Billing Issues,Why am I being charged twice for the same procedure?,852060,1
Billing Issues,Why wasn't I informed about these charges beforehand?,584189,3
Billing Issues,Your billing department isn't responding to my calls.,101826,2
Billing Issues,I don't understand this bill; it's not clear at all.,755013,2
Billing Issues,I don't understand this bill; it's not clear at all.,555959,4
Billing Issues,I'm still receiving bills even though I already paid.,834338,4
Billing Issues,Why wasn't I informed about these charges beforehand?,800761,1
Billing Issues,I've been incorrectly billed for services I didn't receive.,638214,5
Billing Issues,Why does resolving billing issues take so long?,220775,5
Billing Issues,Why am I being charged twice for the same procedure?,693354,5
Billing Issues,Can someone explain these extra fees on my bill?,618490,3
Billing Issues,I'm still receiving bills even though I already paid.,396766,1
Billing Issues,Your billing department isn't responding to my calls.,628567,3
Billing Issues,Can someone explain these extra fees on my bill?,938893,1
Billing Issues,Why am I being charged twice for the same procedure?,753153,3
Billing Issues,Why am I being charged twice for the same procedure?,120559,5
Billing Issues,"My insurance says they've paid, but you're billing me again.",913311,4
Billing Issues,I've been incorrectly billed for services I didn't receive.,834988,2
Billing Issues,Why am I being charged twice for the same procedure?,278278,1
Billing Issues,I'm still receiving bills even though I already paid.,639179,4
Billing Issues,I don't understand this bill; it's not clear at all.,208735,2
Billing Issues,I've been incorrectly billed for services I didn't receive.,869735,1
Billing Issues,Why am I being charged twice for the same procedure?,557665,5
Billing Issues,I've been incorrectly billed for services I didn't receive.,903175,3
Billing Issues,Your billing department isn't responding to my calls.,515954,5
Billing Issues,Why does resolving billing issues take so long?,314707,5
Billing Issues,I don't understand this bill; it's not clear at all.,848087,4
Billing Issues,I've been incorrectly billed for services I didn't receive.,971827,5
Billing Issues,Your billing department isn't responding to my calls.,545696,3
Billing Issues,I don't understand this bill; it's not clear at all.,246123,1
Billing Issues,I'm still receiving bills even though I already paid.,187811,1
Billing Issues,"My insurance says they've paid, but you're billing me again.",835518,2
Billing Issues,Why am I being charged twice for the same procedure?,286811,5
Billing Issues,Why am I being charged twice for the same procedure?,267685,3
Billing Issues,Can someone explain these extra fees on my bill?,144954,3
Billing Issues,I don't understand this bill; it's not clear at all.,918834,4
Billing Issues,There's an incorrect charge on my statement.,858870,2
Billing Issues,There's an incorrect charge on my statement.,395795,4
Billing Issues,"My insurance says they've paid, but you're billing me again.",251204,2
Billing Issues,I'm still receiving bills even though I already paid.,381475,5
Billing Issues,Why does resolving billing issues take so long?,202514,1
Billing Issues,Why wasn't I informed about these charges beforehand?,750129,3
Billing Issues,I've been incorrectly billed for services I didn't receive.,388515,2
Billing Issues,Your billing department isn't responding to my calls.,663371,3
Billing Issues,Why am I being charged twice for the same procedure?,672220,1
Billing Issues,I don't understand this bill; it's not clear at all.,845279,4
Billing Issues,Can someone explain these extra fees on my bill?,701091,5
Billing Issues,I'm still receiving bills even though I already paid.,693919,2
Billing Issues,I'm still receiving bills even though I already paid.,663508,4
Billing Issues,"My insurance says they've paid, but you're billing me again.",688746,2
Billing Issues,Your billing department isn't responding to my calls.,552343,4
Billing Issues,Why wasn't I informed about these charges beforehand?,297791,3
Billing Issues,Can someone explain these extra fees on my bill?,725818,3
Billing Issues,There's an incorrect charge on my statement.,462890,4
Billing Issues,Why wasn't I informed about these charges beforehand?,105130,5
Billing Issues,Your billing department isn't responding to my calls.,607819,3
Billing Issues,I'm still receiving bills even though I already paid.,610707,4
Billing Issues,Your billing department isn't responding to my calls.,823072,2
Billing Issues,I've been incorrectly billed for services I didn't receive.,819761,3
Billing Issues,I'm still receiving bills even though I already paid.,872835,3
Billing Issues,Can someone explain these extra fees on my bill?,648220,3
Billing Issues,There's an incorrect charge on my statement.,816425,4
Billing Issues,Why wasn't I informed about these charges beforehand?,361503,1
Billing Issues,I'm still receiving bills even though I already paid.,647416,5
Billing Issues,Can someone explain these extra fees on my bill?,508535,2
Billing Issues,Why does resolving billing issues take so long?,546610,3
Billing Issues,Why am I being charged twice for the same procedure?,834606,3
Billing Issues,"My insurance says they've paid, but you're billing me again.",240779,4
Billing Issues,Why wasn't I informed about these charges beforehand?,713448,1
Billing Issues,Why am I being charged twice for the same procedure?,530192,5
Billing Issues,There's an incorrect charge on my statement.,137609,1
Billing Issues,Why does resolving billing issues take so long?,831212,5
Billing Issues,"My insurance says they've paid, but you're billing me again.",621456,2
Billing Issues,Your billing department isn't responding to my calls.,142929,5
Billing Issues,I've been incorrectly billed for services I didn't receive.,705133,1
Billing Issues,"My insurance says they've paid, but you're billing me again.",557230,2
Billing Issues,I'm still receiving bills even though I already paid.,407236,4
Billing Issues,Why am I being charged twice for the same procedure?,783546,1
Billing Issues,I'm still receiving bills even though I already paid.,763531,3
Billing Issues,Can someone explain these extra fees on my bill?,284386,3
Billing Issues,Why am I being charged twice for the same procedure?,218458,1
Billing Issues,"My insurance says they've paid, but you're billing me again.",325335,1
Billing Issues,Why wasn't I informed about these charges beforehand?,482124,4
Billing Issues,I've been incorrectly billed for services I didn't receive.,885817,3
Billing Issues,There's an incorrect charge on my statement.,307554,2
Billing Issues,"My insurance says they've paid, but you're billing me again.",608937,1
Billing Issues,I don't understand this bill; it's not clear at all.,858882,1
Billing Issues,Why wasn't I informed about these charges beforehand?,153032,1
Billing Issues,I've been incorrectly billed for services I didn't receive.,542043,1
Billing Issues,Why wasn't I informed about these charges beforehand?,987154,2
Billing Issues,I don't understand this bill; it's not clear at all.,601757,5
Billing Issues,I'm still receiving bills even though I already paid.,663686,4
Billing Issues,Why does resolving billing issues take so long?,907174,2
Billing Issues,Can someone explain these extra fees on my bill?,875003,2
Billing Issues,I've been incorrectly billed for services I didn't receive.,405385,1
Billing Issues,There's an incorrect charge on my statement.,919267,2
Billing Issues,Why wasn't I informed about these charges beforehand?,593990,2
Billing Issues,"My insurance says they've paid, but you're billing me again.",178415,1
Billing Issues,Why am I being charged twice for the same procedure?,348285,4
Billing Issues,Why does resolving billing issues take so long?,517882,1
Billing Issues,I'm still receiving bills even though I already paid.,518947,1
Billing Issues,I don't understand this bill; it's not clear at all.,123108,1
Billing Issues,Can someone explain these extra fees on my bill?,343547,3
Billing Issues,Why wasn't I informed about these charges beforehand?,210978,4
Billing Issues,Can someone explain these extra fees on my bill?,828363,2
Billing Issues,"My insurance says they've paid, but you're billing me again.",687706,5
Billing Issues,I've been incorrectly billed for services I didn't receive.,370650,5
Billing Issues,I've been incorrectly billed for services I didn't receive.,348044,4
Billing Issues,Why does resolving billing issues take so long?,970420,2
Billing Issues,Your billing department isn't responding to my calls.,425769,1
Billing Issues,I'm still receiving bills even though I already paid.,929019,1
Billing Issues,There's an incorrect charge on my statement.,298743,5
Billing Issues,I've been incorrectly billed for services I didn't receive.,421754,2
Billing Issues,I'm still receiving bills even though I already paid.,616492,3
Billing Issues,Your billing department isn't responding to my calls.,327633,1
Billing Issues,Can someone explain these extra fees on my bill?,926602,4
Billing Issues,Why am I being charged twice for the same procedure?,635390,1
Billing Issues,Why am I being charged twice for the same procedure?,668155,5
Billing Issues,There's an incorrect charge on my statement.,907833,4
Billing Issues,Your billing department isn't responding to my calls.,169211,3
Billing Issues,There's an incorrect charge on my statement.,773074,3
Billing Issues,Why am I being charged twice for the same procedure?,849703,5
Rude or Unprofessional Staff,I received sarcastic responses when asking for help.,576321,3
Rude or Unprofessional Staff,Why are your employees so impolite?,517457,2
Rude or Unprofessional Staff,Why are your employees so impolite?,948787,2
Rude or Unprofessional Staff,The doctor didn't even greet me properly.,787785,1
Rude or Unprofessional Staff,The doctor didn't even greet me properly.,355592,3
Rude or Unprofessional Staff,Your staff was extremely unprofessional during my last visit.,962278,2
Rude or Unprofessional Staff,The receptionist was very rude to me this morning.,606801,1
Rude or Unprofessional Staff,Your staff was extremely unprofessional during my last visit.,696823,3
Rude or Unprofessional Staff,The receptionist was very rude to me this morning.,656398,1
Rude or Unprofessional Staff,Why are your employees so impolite?,586548,1
Rude or Unprofessional Staff,Why are your employees so impolite?,778090,5
Rude or Unprofessional Staff,The receptionist was very rude to me this morning.,484350,1
Rude or Unprofessional Staff,The doctor didn't even greet me properly.,111202,4
Rude or Unprofessional Staff,The receptionist was very rude to me this morning.,396888,1
Rude or Unprofessional Staff,The receptionist was very rude to me this morning.,829793,5
Rude or Unprofessional Staff,Your staff was extremely unprofessional during my last visit.,728590,1
Rude or Unprofessional Staff,Your staff was extremely unprofessional during my last visit.,242953,5
Rude or Unprofessional Staff,Staff ignored my requests repeatedly.,401756,3
Rude or Unprofessional Staff,I overheard staff gossiping about patients.,429340,5
Rude or Unprofessional Staff,Why are your employees so impolite?,183423,4
Rude or Unprofessional Staff,Your staff was extremely unprofessional during my last visit.,173171,3
Rude or Unprofessional Staff,The doctor didn't even greet me properly.,258660,4
Rude or Unprofessional Staff,No one seems to care about treating patients kindly here.,652300,4
Rude or Unprofessional Staff,I overheard staff gossiping about patients.,221604,1
Rude or Unprofessional Staff,I received sarcastic responses when asking for help.,650549,3
Rude or Unprofessional Staff,Why are your employees so impolite?,149968,1
Rude or Unprofessional Staff,I overheard staff gossiping about patients.,570419,1
Rude or Unprofessional Staff,Your staff was extremely unprofessional during my last visit.,195775,1
Rude or Unprofessional Staff,The doctor didn't even greet me properly.,549201,1
Rude or Unprofessional Staff,Your staff was extremely unprofessional during my last visit.,233018,5
Rude or Unprofessional Staff,The doctor didn't even greet me properly.,196318,4
Rude or Unprofessional Staff,Your staff was extremely unprofessional during my last visit.,621388,3
Rude or Unprofessional Staff,The doctor didn't even greet me properly.,870359,4
Rude or Unprofessional Staff,I received sarcastic responses when asking for help.,780278,1
Rude or Unprofessional Staff,Why are your employees so impolite?,252675,2
Rude or Unprofessional Staff,I felt disrespected by the nurse's attitude.,338876,1
Rude or Unprofessional Staff,The doctor didn't even greet me properly.,364424,5
Rude or Unprofessional Staff,The receptionist was very rude to me this morning.,407903,1
Rude or Unprofessional Staff,Your staff was extremely unprofessional during my last visit.,301880,1
Rude or Unprofessional Staff,I overheard staff gossiping about patients.,341252,4
Rude or Unprofessional Staff,I received sarcastic responses when asking for help.,887365,4
Rude or Unprofessional Staff,I felt disrespected by the nurse's attitude.,517785,1
Rude or Unprofessional Staff,I felt disrespected by the nurse's attitude.,770977,2
Rude or Unprofessional Staff,I felt disrespected by the nurse's attitude.,961176,3
Rude or Unprofessional Staff,I overheard staff gossiping about patients.,395761,2
Rude or Unprofessional Staff,I overheard staff gossiping about patients.,840920,4
Rude or Unprofessional Staff,I felt disrespected by the nurse's attitude.,176805,5
Rude or Unprofessional Staff,The technician was dismissive and impatient.,423976,5
Rude or Unprofessional Staff,Staff ignored my requests repeatedly.,919936,1
Rude or Unprofessional Staff,I felt disrespected by the nurse's attitude.,709046,5
Rude or Unprofessional Staff,Staff ignored my requests repeatedly.,258464,5
Rude or Unprofessional Staff,Staff ignored my requests repeatedly.,985326,2
Rude or Unprofessional Staff,The receptionist was very rude to me this morning.,792985,4
Rude or Unprofessional Staff,No one seems to care about treating patients kindly here.,143986,2
Rude or Unprofessional Staff,The technician was dismissive and impatient.,726473,4
Rude or Unprofessional Staff,I overheard staff gossiping about patients.,531675,2
Rude or Unprofessional Staff,I received sarcastic responses when asking for help.,309580,5
Rude or Unprofessional Staff,Your staff was extremely unprofessional during my last visit.,196652,3
Rude or Unprofessional Staff,No one seems to care about treating patients kindly here.,931128,4
Rude or Unprofessional Staff,I felt disrespected by the nurse's attitude.,497823,5
Rude or Unprofessional Staff,The technician was dismissive and impatient.,812647,5
Rude or Unprofessional Staff,I received sarcastic responses when asking for help.,995865,4
Rude or Unprofessional Staff,The technician was dismissive and impatient.,273517,1
Rude or Unprofessional Staff,I felt disrespected by the nurse's attitude.,149751,1
Rude or Unprofessional Staff,Your staff was extremely unprofessional during my last visit.,294634,3
Rude or Unprofessional Staff,I felt disrespected by the nurse's attitude.,372418,2
Rude or Unprofessional Staff,I felt disrespected by the nurse's attitude.,852490,5
Rude or Unprofessional Staff,I felt disrespected by the nurse's attitude.,829091,3
Rude or Unprofessional Staff,The doctor didn't even greet me properly.,750733,5
Rude or Unprofessional Staff,Your staff was extremely unprofessional during my last visit.,737571,2
Rude or Unprofessional Staff,The doctor didn't even greet me properly.,664010,2
Rude or Unprofessional Staff,The technician was dismissive and impatient.,386845,3
Rude or Unprofessional Staff,I felt disrespected by the nurse's attitude.,711023,2
Rude or Unprofessional Staff,The receptionist was very rude to me this morning.,188193,2
Rude or Unprofessional Staff,I received sarcastic responses when asking for help.,566832,1
Rude or Unprofessional Staff,The technician was dismissive and impatient.,487303,5
Rude or Unprofessional Staff,I overheard staff gossiping about patients.,333162,5
Rude or Unprofessional Staff,Staff ignored my requests repeatedly.,265370,1
Rude or Unprofessional Staff,Why are your employees so impolite?,567093,3
Rude or Unprofessional Staff,Your staff was extremely unprofessional during my last visit.,957465,2
Rude or Unprofessional Staff,The technician was dismissive and impatient.,862074,5
Rude or Unprofessional Staff,The technician was dismissive and impatient.,356611,4
Rude or Unprofessional Staff,No one seems to care about treating patients kindly here.,441057,5
Rude or Unprofessional Staff,The technician was dismissive and impatient.,130860,5
Rude or Unprofessional Staff,Your staff was extremely unprofessional during my last visit.,136914,5
Rude or Unprofessional Staff,I received sarcastic responses when asking for help.,506807,5
Rude or Unprofessional Staff,I overheard staff gossiping about patients.,153569,4
Rude or Unprofessional Staff,I overheard staff gossiping about patients.,841209,3
Rude or Unprofessional Staff,The technician was dismissive and impatient.,518965,3
Rude or Unprofessional Staff,I received sarcastic responses when asking for help.,807798,2
Rude or Unprofessional Staff,No one seems to care about treating patients kindly here.,919112,4
Rude or Unprofessional Staff,Why are your employees so impolite?,595078,1
Rude or Unprofessional Staff,Why are your employees so impolite?,461084,2
Rude or Unprofessional Staff,Why are your employees so impolite?,149127,2
Rude or Unprofessional Staff,I felt disrespected by the nurse's attitude.,184799,5
Rude or Unprofessional Staff,No one seems to care about treating patients kindly here.,413267,2
Rude or Unprofessional Staff,The receptionist was very rude to me this morning.,553541,4
Rude or Unprofessional Staff,The technician was dismissive and impatient.,450734,4
Rude or Unprofessional Staff,I overheard staff gossiping about patients.,647701,1
Rude or Unprofessional Staff,Why are your employees so impolite?,147342,5
Rude or Unprofessional Staff,The receptionist was very rude to me this morning.,102296,4
Rude or Unprofessional Staff,I overheard staff gossiping about patients.,172091,4
Rude or Unprofessional Staff,I received sarcastic responses when asking for help.,877302,3
Rude or Unprofessional Staff,I felt disrespected by the nurse's attitude.,344052,1
Rude or Unprofessional Staff,I received sarcastic responses when asking for help.,675276,4
Rude or Unprofessional Staff,The receptionist was very rude to me this morning.,932198,2
Rude or Unprofessional Staff,I overheard staff gossiping about patients.,154360,4
Rude or Unprofessional Staff,I overheard staff gossiping about patients.,567424,1
Rude or Unprofessional Staff,Why are your employees so impolite?,785868,3
Rude or Unprofessional Staff,The doctor didn't even greet me properly.,948075,1
Rude or Unprofessional Staff,The receptionist was very rude to me this morning.,698686,4
Rude or Unprofessional Staff,I overheard staff gossiping about patients.,336985,2
Rude or Unprofessional Staff,I received sarcastic responses when asking for help.,883772,2
Rude or Unprofessional Staff,Staff ignored my requests repeatedly.,897025,1
Rude or Unprofessional Staff,I felt disrespected by the nurse's attitude.,151537,2
Rude or Unprofessional Staff,Why are your employees so impolite?,361259,3
Rude or Unprofessional Staff,Your staff was extremely unprofessional during my last visit.,280252,4
Rude or Unprofessional Staff,Your staff was extremely unprofessional during my last visit.,854949,4
Rude or Unprofessional Staff,No one seems to care about treating patients kindly here.,986464,2
Rude or Unprofessional Staff,No one seems to care about treating patients kindly here.,330969,5
Rude or Unprofessional Staff,I received sarcastic responses when asking for help.,499275,3
Rude or Unprofessional Staff,I felt disrespected by the nurse's attitude.,653971,2
Rude or Unprofessional Staff,I received sarcastic responses when asking for help.,976842,2
Rude or Unprofessional Staff,The technician was dismissive and impatient.,301136,5
Rude or Unprofessional Staff,Your staff was extremely unprofessional during my last visit.,414216,1
Rude or Unprofessional Staff,I overheard staff gossiping about patients.,983167,3
Rude or Unprofessional Staff,I overheard staff gossiping about patients.,799070,1
Rude or Unprofessional Staff,I received sarcastic responses when asking for help.,707294,2
Rude or Unprofessional Staff,The technician was dismissive and impatient.,949582,2
Rude or Unprofessional Staff,I overheard staff gossiping about patients.,181507,4
Rude or Unprofessional Staff,Why are your employees so impolite?,584241,1
Rude or Unprofessional Staff,No one seems to care about treating patients kindly here.,592313,2
Rude or Unprofessional Staff,I received sarcastic responses when asking for help.,266530,2
Rude or Unprofessional Staff,Staff ignored my requests repeatedly.,792583,5
Rude or Unprofessional Staff,I received sarcastic responses when asking for help.,452267,4
Rude or Unprofessional Staff,The receptionist was very rude to me this morning.,524089,2
Rude or Unprofessional Staff,I overheard staff gossiping about patients.,602946,5
Rude or Unprofessional Staff,The receptionist was very rude to me this morning.,391105,4
Rude or Unprofessional Staff,No one seems to care about treating patients kindly here.,832028,1
Rude or Unprofessional Staff,Your staff was extremely unprofessional during my last visit.,229494,3
Rude or Unprofessional Staff,The technician was dismissive and impatient.,209973,1
Rude or Unprofessional Staff,Your staff was extremely unprofessional during my last visit.,278666,3
Rude or Unprofessional Staff,Your staff was extremely unprofessional during my last visit.,416316,1
Rude or Unprofessional Staff,I felt disrespected by the nurse's attitude.,809710,2
Rude or Unprofessional Staff,No one seems to care about treating patients kindly here.,800079,3
Rude or Unprofessional Staff,Staff ignored my requests repeatedly.,315523,4
Rude or Unprofessional Staff,Staff ignored my requests repeatedly.,392668,1
Rude or Unprofessional Staff,No one seems to care about treating patients kindly here.,218118,3
Rude or Unprofessional Staff,The doctor didn't even greet me properly.,592851,1
Rude or Unprofessional Staff,I overheard staff gossiping about patients.,262090,3
Rude or Unprofessional Staff,Why are your employees so impolite?,480212,5
Rude or Unprofessional Staff,I felt disrespected by the nurse's attitude.,381037,4
Rude or Unprofessional Staff,Why are your employees so impolite?,442234,4
Rude or Unprofessional Staff,The technician was dismissive and impatient.,445914,2
Rude or Unprofessional Staff,I felt disrespected by the nurse's attitude.,957987,2
Rude or Unprofessional Staff,Staff ignored my requests repeatedly.,317051,1
Rude or Unprofessional Staff,The technician was dismissive and impatient.,210214,4
Rude or Unprofessional Staff,The receptionist was very rude to me this morning.,791434,2
Rude or Unprofessional Staff,The doctor didn't even greet me properly.,668832,2
Rude or Unprofessional Staff,No one seems to care about treating patients kindly here.,724775,5
Rude or Unprofessional Staff,The receptionist was very rude to me this morning.,144195,2
Rude or Unprofessional Staff,The doctor didn't even greet me properly.,753728,4
Rude or Unprofessional Staff,I received sarcastic responses when asking for help.,489506,5
Rude or Unprofessional Staff,No one seems to care about treating patients kindly here.,953081,3
Rude or Unprofessional Staff,The receptionist was very rude to me this morning.,847852,2
Rude or Unprofessional Staff,I overheard staff gossiping about patients.,551210,2
Feeling Unheard,Why didn't anyone address the concerns I mentioned?,116979,3
Feeling Unheard,My doctor dismissed my concerns outright.,391861,3
Feeling Unheard,My doctor dismissed my concerns outright.,956707,1
Feeling Unheard,Why won't my doctor take my condition seriously?,958465,2
Feeling Unheard,It seems like no one listens to me at this clinic.,332251,1
Feeling Unheard,My complaints have consistently been overlooked.,423283,4
Feeling Unheard,Is anyone actually listening to patients here?,381466,4
Feeling Unheard,Why didn't anyone address the concerns I mentioned?,102083,3
Feeling Unheard,My doctor dismissed my concerns outright.,385220,3
Feeling Unheard,My health worries are not being taken seriously.,310570,1
Feeling Unheard,It seems like no one listens to me at this clinic.,894233,3
Feeling Unheard,Why won't my doctor take my condition seriously?,316183,5
Feeling Unheard,My doctor dismissed my concerns outright.,825827,1
Feeling Unheard,Why won't my doctor take my condition seriously?,456867,2
Feeling Unheard,"I had to repeat myself multiple times, and still nothing changed.",282767,5
Feeling Unheard,Why won't my doctor take my condition seriously?,302747,1
Feeling Unheard,My complaints have consistently been overlooked.,127796,4
Feeling Unheard,Why didn't anyone address the concerns I mentioned?,105921,5
Feeling Unheard,My health worries are not being taken seriously.,363245,4
Feeling Unheard,My health worries are not being taken seriously.,445150,2
Feeling Unheard,Is anyone actually listening to patients here?,796941,2
Feeling Unheard,Is anyone actually listening to patients here?,319391,2
Feeling Unheard,Why won't my doctor take my condition seriously?,606462,3
Feeling Unheard,"I keep explaining my issue, but it's like I'm talking to myself.",580908,3
Feeling Unheard,Is anyone actually listening to patients here?,872578,5
Feeling Unheard,It seems like no one listens to me at this clinic.,610945,4
Feeling Unheard,Why didn't anyone address the concerns I mentioned?,845349,4
Feeling Unheard,I told the doctor my symptoms but felt completely ignored.,405074,3
Feeling Unheard,"I keep explaining my issue, but it's like I'm talking to myself.",836396,1
Feeling Unheard,I told the doctor my symptoms but felt completely ignored.,654207,3
Feeling Unheard,Why won't my doctor take my condition seriously?,733964,2
Feeling Unheard,My health worries are not being taken seriously.,310181,3
Feeling Unheard,It seems like no one listens to me at this clinic.,427819,1
Feeling Unheard,Is anyone actually listening to patients here?,929631,3
Feeling Unheard,I told the doctor my symptoms but felt completely ignored.,860277,2
Feeling Unheard,"I had to repeat myself multiple times, and still nothing changed.",363342,5
Feeling Unheard,Why won't my doctor take my condition seriously?,499151,3
Feeling Unheard,Why won't my doctor take my condition seriously?,343504,4
Feeling Unheard,My health worries are not being taken seriously.,616969,4
Feeling Unheard,I told the doctor my symptoms but felt completely ignored.,712978,5
Feeling Unheard,Why didn't anyone address the concerns I mentioned?,239324,3
Feeling Unheard,Why didn't anyone address the concerns I mentioned?,145425,2
Feeling Unheard,My health worries are not being taken seriously.,128164,5
Feeling Unheard,"I had to repeat myself multiple times, and still nothing changed.",918019,3
Feeling Unheard,Why didn't anyone address the concerns I mentioned?,908816,4
Feeling Unheard,My doctor dismissed my concerns outright.,986651,4
Feeling Unheard,"I had to repeat myself multiple times, and still nothing changed.",590423,1
Feeling Unheard,"I had to repeat myself multiple times, and still nothing changed.",627935,1
Feeling Unheard,My health worries are not being taken seriously.,539739,2
Feeling Unheard,My complaints have consistently been overlooked.,666167,4
Feeling Unheard,My doctor dismissed my concerns outright.,331949,1
Feeling Unheard,Why won't my doctor take my condition seriously?,374670,3
Feeling Unheard,My health worries are not being taken seriously.,807938,3
Feeling Unheard,My complaints have consistently been overlooked.,679291,3
Feeling Unheard,"I keep explaining my issue, but it's like I'm talking to myself.",223064,5
Feeling Unheard,My complaints have consistently been overlooked.,794594,2
Feeling Unheard,"I keep explaining my issue, but it's like I'm talking to myself.",341517,4
Feeling Unheard,"I keep explaining my issue, but it's like I'm talking to myself.",571187,1
Feeling Unheard,It seems like no one listens to me at this clinic.,684923,2
Feeling Unheard,"I keep explaining my issue, but it's like I'm talking to myself.",853204,3
Feeling Unheard,Why won't my doctor take my condition seriously?,722294,4
Feeling Unheard,My health worries are not being taken seriously.,799871,2
Feeling Unheard,It seems like no one listens to me at this clinic.,444928,5
Feeling Unheard,My complaints have consistently been overlooked.,794430,5
Feeling Unheard,"I had to repeat myself multiple times, and still nothing changed.",708345,2
Feeling Unheard,I told the doctor my symptoms but felt completely ignored.,553883,4
Feeling Unheard,My health worries are not being taken seriously.,378340,2
Feeling Unheard,It seems like no one listens to me at this clinic.,481710,3
Feeling Unheard,"I had to repeat myself multiple times, and still nothing changed.",245298,2
Feeling Unheard,Why won't my doctor take my condition seriously?,452238,5
Feeling Unheard,Why didn't anyone address the concerns I mentioned?,352588,5
Feeling Unheard,Why won't my doctor take my condition seriously?,539324,1
Feeling Unheard,I told the doctor my symptoms but felt completely ignored.,546434,2
Feeling Unheard,"I had to repeat myself multiple times, and still nothing changed.",947002,5
Feeling Unheard,It seems like no one listens to me at this clinic.,355255,1
Feeling Unheard,Why didn't anyone address the concerns I mentioned?,368864,3
Feeling Unheard,Is anyone actually listening to patients here?,667214,1
Feeling Unheard,Why didn't anyone address the concerns I mentioned?,993576,2
Feeling Unheard,My doctor dismissed my concerns outright.,466114,4
Feeling Unheard,"I keep explaining my issue, but it's like I'm talking to myself.",317598,5
Feeling Unheard,My health worries are not being taken seriously.,749072,1
Feeling Unheard,My complaints have consistently been overlooked.,850008,5
Feeling Unheard,It seems like no one listens to me at this clinic.,534929,3
Feeling Unheard,It seems like no one listens to me at this clinic.,285734,1
Feeling Unheard,"I keep explaining my issue, but it's like I'm talking to myself.",229433,4
Feeling Unheard,Why won't my doctor take my condition seriously?,287284,3
Feeling Unheard,"I keep explaining my issue, but it's like I'm talking to myself.",490051,2
Feeling Unheard,"I had to repeat myself multiple times, and still nothing changed.",423378,3
Feeling Unheard,I told the doctor my symptoms but felt completely ignored.,641344,1
Feeling Unheard,My doctor dismissed my concerns outright.,811030,1
Feeling Unheard,My doctor dismissed my concerns outright.,465800,5
Feeling Unheard,"I keep explaining my issue, but it's like I'm talking to myself.",225133,5
Feeling Unheard,My complaints have consistently been overlooked.,783863,1
Feeling Unheard,"I keep explaining my issue, but it's like I'm talking to myself.",964036,3
Feeling Unheard,My health worries are not being taken seriously.,692978,4
Feeling Unheard,Why won't my doctor take my condition seriously?,496818,2
Feeling Unheard,My doctor dismissed my concerns outright.,424552,5
Feeling Unheard,My doctor dismissed my concerns outright.,651267,2
Feeling Unheard,I told the doctor my symptoms but felt completely ignored.,779295,2
Feeling Unheard,Why didn't anyone address the concerns I mentioned?,415689,3
Feeling Unheard,It seems like no one listens to me at this clinic.,275362,3
Feeling Unheard,Why won't my doctor take my condition seriously?,385936,5
Feeling Unheard,I told the doctor my symptoms but felt completely ignored.,595699,3
Feeling Unheard,Why didn't anyone address the concerns I mentioned?,611045,4
Feeling Unheard,My doctor dismissed my concerns outright.,393519,2
Feeling Unheard,"I had to repeat myself multiple times, and still nothing changed.",890515,2
Feeling Unheard,"I keep explaining my issue, but it's like I'm talking to myself.",570378,2
Feeling Unheard,I told the doctor my symptoms but felt completely ignored.,832326,3
Feeling Unheard,"I had to repeat myself multiple times, and still nothing changed.",516186,1
Feeling Unheard,My health worries are not being taken seriously.,638098,5
Feeling Unheard,My doctor dismissed my concerns outright.,603492,5
Feeling Unheard,It seems like no one listens to me at this clinic.,417903,2
Feeling Unheard,"I keep explaining my issue, but it's like I'm talking to myself.",378407,3
Feeling Unheard,My health worries are not being taken seriously.,400484,5
Feeling Unheard,My complaints have consistently been overlooked.,928858,3
Feeling Unheard,"I keep explaining my issue, but it's like I'm talking to myself.",135089,3
Feeling Unheard,My complaints have consistently been overlooked.,821839,3
Feeling Unheard,My doctor dismissed my concerns outright.,756250,2
Feeling Unheard,It seems like no one listens to me at this clinic.,371096,3
Feeling Unheard,Why didn't anyone address the concerns I mentioned?,534409,1
Feeling Unheard,My health worries are not being taken seriously.,220265,3
Feeling Unheard,My doctor dismissed my concerns outright.,988609,4
Feeling Unheard,"I had to repeat myself multiple times, and still nothing changed.",861999,1
Feeling Unheard,My complaints have consistently been overlooked.,713902,2
Feeling Unheard,"I had to repeat myself multiple times, and still nothing changed.",624880,4
Feeling Unheard,Why didn't anyone address the concerns I mentioned?,254466,5
Feeling Unheard,My doctor dismissed my concerns outright.,766374,4
Feeling Unheard,"I keep explaining my issue, but it's like I'm talking to myself.",926770,2
Feeling Unheard,"I had to repeat myself multiple times, and still nothing changed.",847289,3
Feeling Unheard,Why didn't anyone address the concerns I mentioned?,114846,1
Feeling Unheard,"I had to repeat myself multiple times, and still nothing changed.",866738,1
Feeling Unheard,Why won't my doctor take my condition seriously?,768335,2
Feeling Unheard,My doctor dismissed my concerns outright.,332302,5
Feeling Unheard,It seems like no one listens to me at this clinic.,681968,5
Feeling Unheard,My complaints have consistently been overlooked.,929173,5
Feeling Unheard,I told the doctor my symptoms but felt completely ignored.,639035,3
Feeling Unheard,My complaints have consistently been overlooked.,173251,5
Feeling Unheard,My complaints have consistently been overlooked.,903924,2
Feeling Unheard,"I keep explaining my issue, but it's like I'm talking to myself.",388133,3
Feeling Unheard,Why won't my doctor take my condition seriously?,134741,2
Feeling Unheard,I told the doctor my symptoms but felt completely ignored.,226553,4
Feeling Unheard,My complaints have consistently been overlooked.,980134,1
Feeling Unheard,It seems like no one listens to me at this clinic.,223461,4
Feeling Unheard,Why won't my doctor take my condition seriously?,841790,5
Feeling Unheard,Is anyone actually listening to patients here?,334478,2
Feeling Unheard,My doctor dismissed my concerns outright.,627043,4
Feeling Unheard,Is anyone actually listening to patients here?,506844,1
Feeling Unheard,"I had to repeat myself multiple times, and still nothing changed.",988251,3
Feeling Unheard,"I keep explaining my issue, but it's like I'm talking to myself.",898507,4
Feeling Unheard,My complaints have consistently been overlooked.,900253,5
Feeling Unheard,"I had to repeat myself multiple times, and still nothing changed.",842481,3
Feeling Unheard,"I had to repeat myself multiple times, and still nothing changed.",578186,1
Feeling Unheard,My health worries are not being taken seriously.,489668,5
Feeling Unheard,My health worries are not being taken seriously.,889399,1
Feeling Unheard,It seems like no one listens to me at this clinic.,642663,4
Feeling Unheard,Is anyone actually listening to patients here?,110610,4
Feeling Unheard,My doctor dismissed my concerns outright.,420410,5
Feeling Unheard,My doctor dismissed my concerns outright.,427584,1
Feeling Unheard,I told the doctor my symptoms but felt completely ignored.,719907,1
Feeling Unheard,"I keep explaining my issue, but it's like I'm talking to myself.",925808,1
Feeling Unheard,My doctor dismissed my concerns outright.,365101,3
Feeling Unheard,Is anyone actually listening to patients here?,859939,5
Feeling Unheard,I told the doctor my symptoms but felt completely ignored.,892238,5
Feeling Unheard,"I had to repeat myself multiple times, and still nothing changed.",765195,3
Feeling Unheard,Why won't my doctor take my condition seriously?,736481,5
Feeling Unheard,Why won't my doctor take my condition seriously?,163268,2
Medication Problems,"This medicine caused issues, and I wasn't informed of possible side effects.",786395,3
Medication Problems,I had to wait days to resolve my medication issue.,812083,4
Medication Problems,Why is it so complicated to get my medication?,486693,1
Medication Problems,I can't seem to get my medication refilled easily.,335130,5
Medication Problems,"This medicine caused issues, and I wasn't informed of possible side effects.",725076,4
Medication Problems,I had to wait days to resolve my medication issue.,607474,4
Medication Problems,"I experienced side effects, and no one warned me about this medication.",268490,1
Medication Problems,Why is it so complicated to get my medication?,779633,2
Medication Problems,The pharmacy said my prescription was incorrect.,399219,1
Medication Problems,My prescription wasn't sent to the pharmacy on time.,897119,3
Medication Problems,I had to wait days to resolve my medication issue.,110693,2
Medication Problems,The doctor prescribed the wrong dosage.,538431,4
Medication Problems,I had to wait days to resolve my medication issue.,848754,1
Medication Problems,"This medicine caused issues, and I wasn't informed of possible side effects.",103587,1
Medication Problems,Why was I prescribed medication that I'm allergic to?,200357,3
Medication Problems,"This medicine caused issues, and I wasn't informed of possible side effects.",932953,3
Medication Problems,Why was I prescribed medication that I'm allergic to?,514208,1
Medication Problems,My prescription wasn't sent to the pharmacy on time.,745466,3
Medication Problems,Why was I prescribed medication that I'm allergic to?,425908,2
Medication Problems,The pharmacy said my prescription was incorrect.,947597,1
Medication Problems,"This medicine caused issues, and I wasn't informed of possible side effects.",160068,5
Medication Problems,The pharmacy said my prescription was incorrect.,124820,2
Medication Problems,Why is it so complicated to get my medication?,981761,3
Medication Problems,I received the wrong medication from your pharmacy.,949558,5
Medication Problems,Why is it so complicated to get my medication?,573176,4
Medication Problems,"I experienced side effects, and no one warned me about this medication.",159334,2
Medication Problems,Why is it so complicated to get my medication?,354416,1
Medication Problems,The doctor prescribed the wrong dosage.,522226,5
Medication Problems,Why is it so complicated to get my medication?,901966,2
Medication Problems,Why was I prescribed medication that I'm allergic to?,842319,2
Medication Problems,Why was I prescribed medication that I'm allergic to?,969808,1
Medication Problems,"This medicine caused issues, and I wasn't informed of possible side effects.",345278,3
Medication Problems,The pharmacy said my prescription was incorrect.,451058,5
Medication Problems,My prescription wasn't sent to the pharmacy on time.,371487,4
Medication Problems,I can't seem to get my medication refilled easily.,861716,2
Medication Problems,I had to wait days to resolve my medication issue.,510716,3
Medication Problems,I had to wait days to resolve my medication issue.,937501,2
Medication Problems,My prescription wasn't sent to the pharmacy on time.,633318,2
Medication Problems,I can't seem to get my medication refilled easily.,691012,5
Medication Problems,I received the wrong medication from your pharmacy.,543686,4
Medication Problems,My prescription wasn't sent to the pharmacy on time.,989601,1
Medication Problems,The pharmacy said my prescription was incorrect.,590765,4
Medication Problems,The doctor prescribed the wrong dosage.,592830,2
Medication Problems,The pharmacy said my prescription was incorrect.,781323,4
Medication Problems,I can't seem to get my medication refilled easily.,664715,4
Medication Problems,"I experienced side effects, and no one warned me about this medication.",214195,4
Medication Problems,I had to wait days to resolve my medication issue.,989685,4
Medication Problems,My prescription wasn't sent to the pharmacy on time.,645457,4
Medication Problems,I can't seem to get my medication refilled easily.,960859,4
Medication Problems,The doctor prescribed the wrong dosage.,224616,4
Medication Problems,I can't seem to get my medication refilled easily.,849085,2
Medication Problems,Why was I prescribed medication that I'm allergic to?,413946,2
Medication Problems,My prescription wasn't sent to the pharmacy on time.,830711,5
Medication Problems,The pharmacy said my prescription was incorrect.,703791,1
Medication Problems,Why was I prescribed medication that I'm allergic to?,280544,5
Medication Problems,"I experienced side effects, and no one warned me about this medication.",248312,3
Medication Problems,The pharmacy said my prescription was incorrect.,294084,2
Medication Problems,I received the wrong medication from your pharmacy.,439743,2
Medication Problems,I can't seem to get my medication refilled easily.,997952,1
Medication Problems,I had to wait days to resolve my medication issue.,777251,5
Medication Problems,I can't seem to get my medication refilled easily.,960639,5
Medication Problems,I received the wrong medication from your pharmacy.,424353,4
Medication Problems,I can't seem to get my medication refilled easily.,654339,1
Medication Problems,My prescription wasn't sent to the pharmacy on time.,775162,3
Medication Problems,Why was I prescribed medication that I'm allergic to?,782871,2
Medication Problems,My prescription wasn't sent to the pharmacy on time.,843204,5
Medication Problems,I received the wrong medication from your pharmacy.,797320,4
Medication Problems,Why is it so complicated to get my medication?,309652,2
Medication Problems,I received the wrong medication from your pharmacy.,387741,2
Medication Problems,Why is it so complicated to get my medication?,555433,5
Medication Problems,Why is it so complicated to get my medication?,684195,5
Medication Problems,The doctor prescribed the wrong dosage.,436664,3
Medication Problems,I received the wrong medication from your pharmacy.,785869,1
Medication Problems,I had to wait days to resolve my medication issue.,504489,5
Medication Problems,I can't seem to get my medication refilled easily.,306552,1
Medication Problems,My prescription wasn't sent to the pharmacy on time.,161420,3
Medication Problems,The pharmacy said my prescription was incorrect.,852624,3
Medication Problems,I can't seem to get my medication refilled easily.,856690,5
Medication Problems,The doctor prescribed the wrong dosage.,439207,2
Medication Problems,"I experienced side effects, and no one warned me about this medication.",491443,2
Medication Problems,Why was I prescribed medication that I'm allergic to?,754429,5
Medication Problems,My prescription wasn't sent to the pharmacy on time.,942722,1
Medication Problems,I received the wrong medication from your pharmacy.,799333,1
Medication Problems,I received the wrong medication from your pharmacy.,800487,1
Medication Problems,I can't seem to get my medication refilled easily.,361784,2
Medication Problems,I had to wait days to resolve my medication issue.,559901,4
Medication Problems,The pharmacy said my prescription was incorrect.,101590,1
Medication Problems,"This medicine caused issues, and I wasn't informed of possible side effects.",424132,4
Medication Problems,"I experienced side effects, and no one warned me about this medication.",612173,1
Medication Problems,"This medicine caused issues, and I wasn't informed of possible side effects.",427048,1
Medication Problems,The doctor prescribed the wrong dosage.,672588,1
Medication Problems,"I experienced side effects, and no one warned me about this medication.",490669,4
Medication Problems,I had to wait days to resolve my medication issue.,732503,1
Medication Problems,Why was I prescribed medication that I'm allergic to?,383935,2
Medication Problems,Why was I prescribed medication that I'm allergic to?,813054,3
Medication Problems,I received the wrong medication from your pharmacy.,910540,5
Medication Problems,The doctor prescribed the wrong dosage.,252699,3
Medication Problems,I received the wrong medication from your pharmacy.,440288,5
Medication Problems,The pharmacy said my prescription was incorrect.,717428,1
Medication Problems,"I experienced side effects, and no one warned me about this medication.",451962,2
Medication Problems,Why is it so complicated to get my medication?,478652,4
Medication Problems,The doctor prescribed the wrong dosage.,314282,5
Medication Problems,"This medicine caused issues, and I wasn't informed of possible side effects.",846116,3
Medication Problems,I had to wait days to resolve my medication issue.,206522,3
Medication Problems,Why is it so complicated to get my medication?,250280,1
Medication Problems,I received the wrong medication from your pharmacy.,343397,1
Medication Problems,"This medicine caused issues, and I wasn't informed of possible side effects.",159797,5
Medication Problems,I can't seem to get my medication refilled easily.,871685,5
Medication Problems,"I experienced side effects, and no one warned me about this medication.",952833,5
Medication Problems,The doctor prescribed the wrong dosage.,716516,4
Medication Problems,I can't seem to get my medication refilled easily.,160671,1
Medication Problems,I can't seem to get my medication refilled easily.,344617,2
Medication Problems,Why is it so complicated to get my medication?,628431,2
Medication Problems,Why was I prescribed medication that I'm allergic to?,876027,2
Medication Problems,"I experienced side effects, and no one warned me about this medication.",397802,2
Medication Problems,My prescription wasn't sent to the pharmacy on time.,211964,5
Medication Problems,"I experienced side effects, and no one warned me about this medication.",853338,2
Medication Problems,My prescription wasn't sent to the pharmacy on time.,139047,5
Medication Problems,"I experienced side effects, and no one warned me about this medication.",231735,5
Medication Problems,The pharmacy said my prescription was incorrect.,103195,2
Medication Problems,The pharmacy said my prescription was incorrect.,380372,1
Medication Problems,I can't seem to get my medication refilled easily.,868648,5
Medication Problems,"This medicine caused issues, and I wasn't informed of possible side effects.",601467,5
Medication Problems,The doctor prescribed the wrong dosage.,374612,2
Medication Problems,"This medicine caused issues, and I wasn't informed of possible side effects.",861585,2
Medication Problems,I had to wait days to resolve my medication issue.,107896,5
Medication Problems,I had to wait days to resolve my medication issue.,785838,5
Medication Problems,The doctor prescribed the wrong dosage.,655862,4
Medication Problems,I received the wrong medication from your pharmacy.,291517,5
Medication Problems,The doctor prescribed the wrong dosage.,939111,4
Medication Problems,I received the wrong medication from your pharmacy.,939328,3
Medication Problems,Why was I prescribed medication that I'm allergic to?,315407,3
Medication Problems,The pharmacy said my prescription was incorrect.,228304,4
Medication Problems,I can't seem to get my medication refilled easily.,894598,1
Medication Problems,The doctor prescribed the wrong dosage.,559101,1
Medication Problems,"This medicine caused issues, and I wasn't informed of possible side effects.",750463,1
Medication Problems,The pharmacy said my prescription was incorrect.,932367,4
Medication Problems,My prescription wasn't sent to the pharmacy on time.,547501,1
Medication Problems,"This medicine caused issues, and I wasn't informed of possible side effects.",101394,5
Medication Problems,I can't seem to get my medication refilled easily.,530754,4
Medication Problems,Why was I prescribed medication that I'm allergic to?,867728,4
Medication Problems,Why is it so complicated to get my medication?,604530,2
Medication Problems,I had to wait days to resolve my medication issue.,390313,2
Medication Problems,"I experienced side effects, and no one warned me about this medication.",371674,2
Medication Problems,"I experienced side effects, and no one warned me about this medication.",206436,3
Medication Problems,Why is it so complicated to get my medication?,750687,5
Medication Problems,"This medicine caused issues, and I wasn't informed of possible side effects.",651667,5
Medication Problems,The doctor prescribed the wrong dosage.,642066,1
Medication Problems,I received the wrong medication from your pharmacy.,902719,4
Medication Problems,The pharmacy said my prescription was incorrect.,667256,3
Medication Problems,The pharmacy said my prescription was incorrect.,483915,4
Medication Problems,The doctor prescribed the wrong dosage.,852248,2
Medication Problems,Why is it so complicated to get my medication?,203975,1
Medication Problems,Why is it so complicated to get my medication?,926810,4
Medication Problems,"I experienced side effects, and no one warned me about this medication.",459722,5
Medication Problems,"I experienced side effects, and no one warned me about this medication.",717663,5
Medication Problems,"I experienced side effects, and no one warned me about this medication.",223221,3
Medication Problems,Why is it so complicated to get my medication?,954061,4
Medication Problems,Why is it so complicated to get my medication?,115187,2
Medication Problems,"This medicine caused issues, and I wasn't informed of possible side effects.",958118,5
Medication Problems,Why is it so complicated to get my medication?,426824,3
Medication Problems,My prescription wasn't sent to the pharmacy on time.,616052,1
Medication Problems,I can't seem to get my medication refilled easily.,672672,4
Medication Problems,The pharmacy said my prescription was incorrect.,483754,2
Medication Problems,My prescription wasn't sent to the pharmacy on time.,548663,2
Medication Problems,Why was I prescribed medication that I'm allergic to?,993150,2
